[
  { "type": "recipe", 
   "result": "afro",
   "category": "CC_ARMOR",
   "subcategory": "CSC_ARMOR_HEAD",
   "skill_used": "tailor",
   "difficulty": 1,
   "time": 5000, 
   "autolearn": true,
   "components": [ [ [ "rag", 10 ] ], [ [ "essence_bash_item", 1 ] ] ]
  },
  { "type": "recipe",
   "result": "legendary_bacon_undie",
   "category": "CC_ARMOR",
   "subcategory": "CSC_ARMOR_LEGS",
   "skill_used": "tailor",
   "difficulty": 1,
   "time": 5000,
   "autolearn": true,
   "components": [ [ [ "rag", 10 ] ], [ [ "essence_bacon_item", 1 ] ] ]
  },
  { "type": "recipe",
   "result": "immortal_loincloth",
   "category": "CC_ARMOR",
   "subcategory": "CSC_ARMOR_LEGS",
   "skill_used": "tailor",
   "difficulty": 1,
   "time": 5000,
   "autolearn": true,
   "components": [ [ [ "rag", 1 ] ], [ [ "essence_bash_item", 1 ] ], [ [ "essence_cut_item", 1 ] ] ]
  },
  { "type": "recipe",
   "result": "plutonium_chestplate",
   "category": "CC_ARMOR",
   "subcategory": "CSC_ARMOR_TORSO",
   "skill_used": "tailor",
   "difficulty": 1,
   "time": 5000,
   "autolearn": true,
   "components": [ [ [ "scale_plutonium_item", 10 ] ], [ [ "essence_power_item", 2 ] ] ]
  }
]