[
 { "type": "recipe", 
  "result": "essence_bash", 
  "category": "CC_OTHER",
 
  "subcategory": "CSC_OTHER_OTHER",
  
  "skill_used": "fabrication",
   
  "difficulty": 0,
  "time": 1000,
  
  "autolearn": true,
  
  "components": [ [ [ "rock", 1 ] ] ]
  
 },

 { "type": "recipe", 
  "result": "essence_bacon", 
  "category": "CC_OTHER",
 
  "subcategory": "CSC_OTHER_OTHER",
  
  "skill_used": "fabrication",
   
  "difficulty": 0,
  "time": 1000,
  
  "autolearn": true,
  
  "components": [ [ [ "poppy_bud", 1 ] ] ]
  
 },

 { "type": "recipe", 
  "result": "essence_cut", 
  "category": "CC_OTHER",
 
  "subcategory": "CSC_OTHER_OTHER",
  
  "skill_used": "fabrication",
   
  "difficulty": 0,
  "time": 1000,
  
  "autolearn": true,
  
  "components": [ [ [ "glass_shard", 1 ] ] ]
  
 },

 { "type": "recipe", 
  "result": "shadow_bacon", 
  "category": "CC_OTHER",
 
  "subcategory": "CSC_OTHER_OTHER",
  
  "skill_used": "fabrication",
   
  "difficulty": 0,
  "time": 1000,
  
  "autolearn": true,
  
  "components": [ [ [ "rag", 1 ] ] ]
  
 },

 { "type": "recipe", 
  "result": "essence_power", 
  "category": "CC_OTHER",
 
  "subcategory": "CSC_OTHER_OTHER",
  
  "skill_used": "fabrication",
   
  "difficulty": 0,
  "time": 1000,
  
  "autolearn": true,
  
  "components": [ [ [ "rag", 1 ] ] ]
  
 },

 { "type": "recipe", 
  "result": "essence_elemental", 
  "category": "CC_OTHER",
 
  "subcategory": "CSC_OTHER_OTHER",
  
  "skill_used": "fabrication",
   
  "difficulty": 2,
  "time": 1000,
  
  "autolearn": true,
  
  "components": [ [ [ "bluebell_flower", 1 ] ], [ [ "stick", 1 ] ], [ [ "rag", 1 ] ], [ [ "poppy_bud", 1 ] ], [ [ "rock", 1 ] ], [ [ "meat_tainted", 1 ], [ "meat", 1 ], [ "human_flesh", 1 ] ], [ [ "leather", 1 ] ], [ [ "nomex", 1 ] ] ]
  
 },

 { "type": "recipe", 
  "result": "essence_noob", 
  "category": "CC_OTHER",
 
  "subcategory": "CSC_OTHER_OTHER",
  
  "skill_used": "fabrication",
   
  "difficulty": 0,
  "time": 1000,
  
  "autolearn": true,
  
  "components": [ [ [ "rag", 1 ] ] ]
  
 },

 { "type": "recipe", 
  "result": "tough_leather", 
  "category": "CC_OTHER",
 
  "subcategory": "CSC_OTHER_OTHER",
  
  "skill_used": "fabrication",
   
  "difficulty": 0,
  "time": 1000,
  
  "autolearn": true,
  
  "components": [ [ [ "leather", 1 ] ] ]
  
 }
]