[
 { "type": "recipe", 
  "result": "stick_of_heroism", 
  "category": "CC_WEAPON",
 
  "subcategory": "CSC_WEAPON_BASHING",
  
  "skill_used": "fabrication",
   
  "difficulty": 1,
  "time": 1000,
  
  "autolearn": true,
  
  "components": [ [ [ "stick", 1 ] ], [ [ "essence_bash_item", 1 ] ] ]
  
 },

 { "type": "recipe",
  "result": "serrated_can",
  "category": "CC_WEAPON",
  "subcategory": "CSC_WEAPON_CUTTING",
  "skill_used": "fabrication",
  "difficulty": 1,
  "time": 1000,
  "autolearn": true,
  "qualities": [ { "id": "CUT", "level": 1 } ],
  "tools": [ [ "soldering_iron" ] ],
  "components": [ [ [ "can_drink_unsealed", 1 ], [ "can_food_unsealed", 1 ] ], [ [ "essence_cut_item", 1 ] ] ]
 },

 { "type": "recipe",
  "result": "plutonium_dagger",
  "category": "CC_WEAPON",
  "subcategory": "CSC_WEAPON_CUTTING",
  "skill_used": "fabrication",
  "difficulty": 1,
  "time": 1000,
  "autolearn": true,
  "components": [ [ [ "scale_plutonium_item", 3 ] ],[ [ "essence_bacon_item", 2 ] ], [ [ "essence_power_item", 1 ] ] ]
 }
]