[
  { "type": "recipe", 
   "result": "afro",
   "category": "CC_ARMOR",
   "subcategory": "CSC_ARMOR_HEAD",
   "skill_used": "tailor",
   "difficulty": 1,
   "time": 5000, 
   "autolearn": true,
   "components": [ [ [ "rag", 10 ] ], [ [ "essence_bash", 1 ] ] ]
  },
  { "type": "recipe",
   "result": "legendary_bacon_undie",
   "category": "CC_ARMOR",
   "subcategory": "CSC_ARMOR_LEGS",
   "skill_used": "tailor",
   "difficulty": 3,
   "time": 5000,
   "autolearn": true,
   "components": [ [ [ "rag", 10 ] ], [ [ "essence_bacon", 1 ] ] ]
  },

  { "type": "recipe",
   "result": "immortal_loincloth",
   "category": "CC_ARMOR",
   "subcategory": "CSC_ARMOR_LEGS",
   "skill_used": "tailor",
   "difficulty": 1,
   "time": 5000,
   "autolearn": true,
   "components": [ [ [ "rag", 1 ] ], [ [ "essence_bash", 1 ] ], [ [ "essence_cut", 1 ] ] ]
  },

  { "type": "recipe",
   "result": "plutonium_chestplate",
   "category": "CC_ARMOR",
   "subcategory": "CSC_ARMOR_TORSO",
   "skill_used": "tailor",
   "difficulty": 5,
   "time": 5000,
   "autolearn": true,
   "tools": [ [ "welder" ] ],
   "components": [ [ [ "scale_plutonium", 10 ] ], [ [ "essence_power", 2 ] ] ]
  },

  { "type": "recipe",
   "result": "plutonium_gauntlet",
   "category": "CC_ARMOR",
   "subcategory": "CSC_ARMOR_HANDS",
   "skill_used": "tailor",
   "difficulty": 5,
   "time": 5000,
   "autolearn": true,
   "tools": [ [ "welder" ] ],
   "components": [ [ [ "scale_plutonium", 8 ] ], [ [ "essence_power", 2 ] ] ]
  },

  { "type": "recipe",
   "result": "plutonium_legging",
   "category": "CC_ARMOR",
   "subcategory": "CSC_ARMOR_LEGS",
   "skill_used": "tailor",
   "difficulty": 5,
   "time": 5000,
   "autolearn": true,
   "tools": [ [ "welder" ] ],
   "components": [ [ [ "scale_plutonium", 8 ] ], [ [ "essence_power", 2 ] ] ]
  },

  { "type": "recipe",
   "result": "plutonium_helmet",
   "category": "CC_ARMOR",
   "subcategory": "CSC_ARMOR_HEAD",
   "skill_used": "tailor",
   "difficulty": 5,
   "time": 5000,
   "autolearn": true,
   "tools": [ [ "welder" ] ],
   "components": [ [ [ "scale_plutonium", 7 ] ], [ [ "essence_power", 2 ] ] ]
  },

  { "type": "recipe",
   "result": "plutonium_socks",
   "category": "CC_ARMOR",
   "subcategory": "CSC_ARMOR_FEET",
   "skill_used": "tailor",
   "difficulty": 5,
   "time": 5000,
   "autolearn": true,
   "tools": [ [ "welder" ] ],
   "components": [ [ [ "scale_plutonium", 4 ] ], [ [ "essence_power", 2 ] ] ]
  }
]