[
 {
  "type" : "item_group",

  "subtype": "collection",
 
  "//": "Drop for the floating brick monster",
     
  "id": "floating_brick_drop",

  "entries":
 [

    { "item": "brick" }
 
  ]
    
 },

 {
  "type" : "item_group",

  "subtype": "collection",
 
  "//": "Drop for the Lv. 20 Plutonium Dragon",
     
  "id": "plutonium_dragon_20",

  "entries":
 
  [

    { "item": "scale_plutonium", "count": [ 3, 4 ] }
 
  ]
    
 },

 {
  "type" : "item_group",

  "subtype": "collection",
 
  "//": "Drop for the Lv. 10 Plutonium Dragon",
     
  "id": "plutonium_dragon_10",

  "entries":
 
  [

    { "item": "scale_plutonium", "count": [ 1, 2 ] }
 
  ]
    
 }
]