[
  {
 
  "id": "floating_brick",
   
  "type": "MONSTER",
   
  "name": "floating brick",
  
  "description": "This is a floating brick. Don't question it.",
   
  "default_faction": "",
  
  "species": [ "UNKNOWN" ],
   
  "diff": 100,
    "size": "TINY",
  
  "hp": 100,
    "speed": 40,
  
  "material": [ "stone" ],
  
  "symbol": "B",
  
  "color": "red",
  
  "aggression": 0,
  "morale": 100,
  
  "melee_cut": 0,
  
  "vision_day": 1,

  "vision_night": 1,
  "death_drops": "floating_brick_drop",
  "flags": [ "FLIES", "HARDTOSHOOT", "HEARS", "SMELLS", "SEES" ],
  "death_function": [ "DISAPPEAR" ]
  }
]