[
 {
 "id": "tickle_monster",
   
  "type": "MONSTER",
   
  "name": "tickle monster",
  
  "description": "All this creature wants to do is tickle you! He's also very fast due to being eternally fueled by caffeine, which tends to make it hard for you to escape his soon-to-be-annoying tickles! He'll even do it in your sleep! What a creep.",
   
  "default_faction": "",
  
  "species": [ "ZOMBIE" ],
   
  "diff": 100,
    "size": "SMALL",
  
  "hp": 1000,
    "speed": 1000,
  
  "material": [ "flesh" ],
  
  "symbol": "T",
  
  "color": "white",
  
  "aggression": 100,
  "morale": 100,
  
  "melee_cut": 0,
  
  "vision_day": 10,

  "vision_night": 10,
  "flags": [ "SEES", "HEARS", "SMELLS", "WARM", "BONES" ],
  "death_function": [ "MELT" ]
  },

{
 "id": "floating_brick",
   
  "type": "MONSTER",
   
  "name": "floating brick",
  
  "description": "This is a floating brick. Don't question it.",
   
  "default_faction": "",
  
  "species": [ "UNKNOWN" ],
   
  "diff": 100,
    "size": "TINY",
  
  "hp": 100,
    "speed": 40,
  
  "material": [ "stone" ],
  
  "symbol": "B",
  
  "color": "red",
  
  "aggression": 0,
  "morale": 100,
  
  "melee_cut": 0,
  
  "vision_day": 1,

  "vision_night": 1,
  "death_drops": "floating_brick_drop",
  "flags": [ "FLIES", "HARDTOSHOOT", "HEARS", "SMELLS", "SEES" ],
  "death_function": [ "DISAPPEAR" ]
  },

  {
 "id": "plutonium_dragon",
   
  "type": "MONSTER",
   
  "name": "Lv. 20 Plutonium Dragon",
  
  "description": "Oh crap! Run for it fool! You're gonna die if you stick around here!",
   
  "default_faction": "",
  
  "species": [ "UNKNOWN" ],
   
  "diff": 25,
    "size": "LARGE",
  
  "hp": 1000,
    "speed": 250,
  
  "material": [ "scale_plutonium_material" ],
  
  "symbol": "D",
  
  "color": "red",
  
  "aggression": 100,
  "morale": 100,
  
  "melee_cut": 100,

  "melee_skill": 10,
  "melee_dice": 10,
  "melee_dice_sides": 50,
  "dodge": 5,
  "armor_bash": 25,
  "armor_cut": 50,
  "armor_stab": 35, 
  "vision_day": 2,

  "vision_night": 2,
  "death_drops": "plutonium_dragon_drop",
  "flags": [ "FLIES", "HARDTOSHOOT", "HEARS", "SMELLS", "SEES" ],
  "death_function": [ "DISAPPEAR" ]
  }
]