[
 {
 "id": "tickle_monster",
   
  "type": "MONSTER",
   
  "name": "tickle monster",
  
  "description": "All this creature wants to do is tickle you! He's also very fast due to being eternally fueled by caffeine, which tends to make it hard for you to escape his soon-to-be-annoying tickles! He'll even do it in your sleep! What a creep.",
   
  "default_faction": "",
  
  "species": [ "ZOMBIE" ],
   
  "diff": 100,
    "size": "SMALL",
  
  "hp": 1000,
    "speed": 1000,
  
  "material": [ "flesh" ],
  
  "symbol": "T",
  
  "color": "white",
  
  "aggression": 100,
  "morale": 100,
  
  "melee_cut": 0,
  
  "vision_day": 10,

  "vision_night": 10,
  "flags": [ "SEES", "HEARS", "SMELLS", "WARM", "BONES" ],
  "death_function": [ "MELT" ]
  },

  {
 "id": "dragon_plutonium_20",
   
  "type": "MONSTER",
   
  "name": "Lv. 20 Plutonium Dragon",
  
  "description": "Oh crap! Run for it fool! You're gonna die!",
   
  "default_faction": "",
  
  "species": [ "UNKNOWN" ],
   
  "diff": 25,
    "size": "LARGE",
  
  "hp": 1000,
    "speed": 250,
  
  "material": [ "scale_plutonium" ],
  
  "symbol": "D",
  
  "color": "red",
  
  "aggression": 100,
  "morale": 100,
  
  "melee_cut": 75,

  "melee_skill": 9,
  "melee_dice": 9,
  "melee_dice_sides": 35,
  "dodge": 5,
  "armor_bash": 20,
  "armor_cut": 40,
  "armor_stab": 30, 
  "vision_day": 2,

  "vision_night": 2,
  "anger_triggers": [ "HURT", "PLAYER_CLOSE", "FRIEND_DIED", "FRIEND_ATTACKED", "PLAYER_WEAK" ],
  "death_drops": "plutonium_dragon_20",
  "flags": [ "FLIES", "HEARS", "SMELLS", "SEES", "ATTACKMON", "BONES", "WARM", "SWIMS", "KEENNOSE" ],
  "death_function": [ "NORMAL" ]
  },

  {
 "id": "dragon_plutonium_10",
   
  "type": "MONSTER",
   
  "name": "Lv. 10 Plutonium Dragon",
  
  "description": "Uh oh! This guy may be weaker than its parent, but it's still super dangerous! Run for it!",
   
  "default_faction": "",
  
  "species": [ "UNKNOWN" ],
   
  "diff": 20,
    "size": "LARGE",
  
  "hp": 900,
    "speed": 200,
  
  "material": [ "scale_plutonium" ],
  
  "symbol": "d",
  
  "color": "red",
  
  "aggression": 100,
  "morale": 100,
  
  "melee_cut": 50,

  "melee_skill": 8,
  "melee_dice": 7,
  "melee_dice_sides": 30,
  "dodge": 7,
  "armor_bash": 15,
  "armor_cut": 30,
  "armor_stab": 25, 
  "vision_day": 2,

  "vision_night": 2,
  "anger_triggers": [ "HURT", "PLAYER_CLOSE", "FRIEND_DIED", "FRIEND_ATTACKED", "PLAYER_WEAK" ],
  "death_drops": "plutonium_dragon_10",
  "flags": [ "FLIES", "HEARS", "SEES", "ATTACKMON", "BONES", "WARM", "SWIMS", "KEENNOSE" ],
  "death_function": [ "NORMAL" ]
  }
]