[
 {
  "type": "GENERIC",
  "id": "essence_bash",
  "symbol": "*",
  "color": "blue",
  "name": "Essence of Bashing",
  "description": "Used to create items that are orientated around bashing.",
  "price": 1,
  "volume": 1
 },

 {
  "type": "GENERIC",
  "id": "essence_bacon",
  "symbol": "*",
  "color": "red",
  "name": "Essence of Bacon",
  "description": "Used to create items that are orientated around bacon.",
  "price": 1,
  "volume": 1
 },

 {
  "type": "GENERIC",
  "id": "essence_cut",
  "symbol": "*",
  "color": "grey",
  "name": "Essence of Cutting",
  "description": "Used to create items that are orientated around cutting.",
  "price": 1,
  "volume": 1
 },

 {
  "type": "GENERIC",
  "id": "scale_plutonium",
  "symbol": "D",
  "color": "light_red",
  "name": "Plutonium Scale",
  "description": "A scale droppped from the LVL: 20 Plutonium Dragon! How the heck did you go this? You cheated, didn't you?",
  "price": 100000,
  "volume": 8
 },

 {
  "type": "GENERIC",
  "id": "shadow_bacon",
  "symbol": "~",
  "color": "red",
  "name": "Shadow Bacon",
  "description": "This is no ordinary bacon, this is SHADOW bacon! A rare delicacy, almost unheard of. It looks so amazing you feel unworthy being in it's presence, much less eating it. So instead, you can honor this fabled bacon by turning into freaking awesome gear! Either that or just sit it to collect dust on a shelf in you bunker. That would work too.",
  "price": 100000,
  "volume": 3
 },

 {
  "type": "GENERIC",
  "id": "essence_power",
  "symbol": "*",
  "color": "white",
  "name": "Essence of Power",
  "description": "The ULTIMATE essence! Used to create by far the most powerful gear! You are either a god or cheated by obtaining this legendary item!",
  "price": 100000000,
  "volume": 1
 },

 {
  "type": "GENERIC",
  "id": "essence_noob",
  "symbol": "*",
  "color": "yellow",
  "name": "Essence of Noob",
  "description": "A not particularly useful type of essence. It's like cotton, but feels more like plastic. Although it is not plastic. Nor is it cotton. It's, well, noob.",
  "price": 0,
  "volume": 1
 },

 {
  "type": "GENERIC",
  "id": "essence_elemental",
  "symbol": "*",
  "color": "green",
  "name": "Essence of Elementals",
  "description": "Elemental essence provides strong resistances to electricity, fire, and acid. However, it does nothing against more physical attacks.",
  "price": 1000,
  "volume": 1
 },

 {
  "type": "GENERIC",
  "id": "tough_leather",
  "symbol": "H",
  "color": "brown",
  "name": "tough leather",
  "description": "Hardened leather, usefull for making some tougher items.",
  "price": 1000,
  "volume": 1
 }
]