[
  { "type": "material", "ident": "essence_bash_material", "name": "Essence of Bashing",    "density": 2,    "bash_resist": 5, "cut_resist": 0, "acid_resist": 0, "elec_resist": 0,       "fire_resist": 0, "chip_resist": 0, "dmg_adj": [ "dented", "bent", "walloped", "rekt"],       "bash_dmg_verb": "dented", "cut_dmg_verb": "scratched" },

  { "type": "material", "ident": "essence_bacon_material", "name": "Essence of Bacon", 
   "density": 2, "bash_resist": 1, "cut_resist": 0, "acid_resist": 0, "elec_resist": 0,    "fire_resist": 25,     "chip_resist": 0, "dmg_adj": [ "nibbled", "bitten", "nommed",    "swallowed"], "bash_dmg_verb": "nibbled", "cut_dmg_verb": "sliced" },

  { "type": "material", "ident": "essence_cut_material", "name": "Essence of Cutting",       "density": 2,    "bash_resist": 0, "cut_resist": 5, "acid_resist": 0, "elec_resist": 0,       "fire_resist": 0, "chip_resist": 0, "dmg_adj": [ "dented", "bent", "walloped", "rekt"],       "bash_dmg_verb": "dented", "cut_dmg_verb": "scratched" },

  { "type": "material", "ident": "essence_noob_material", "name": "Essence of Noob",         "density": 2,    "bash_resist": 1, "cut_resist": 1, "acid_resist": 0, "elec_resist": 0,     "fire_resist": 0, "chip_resist": 0, "dmg_adj": [ "ow", "owie", "very owie", "most ow"],       "bash_dmg_verb": "ow", "cut_dmg_verb": "ow" },

  { "type": "material", "ident": "scale_plutonium_material", "name": "Plutonium Scales",         "density": 2,    "bash_resist": 15, "cut_resist": 13, "acid_resist": 5, "elec_resist": 5,     "fire_resist": 20, "chip_resist": 5, "dmg_adj": [ "dented", "bent", "walloped", "rekt"],      "bash_dmg_verb": "thwacked", "cut_dmg_verb": "sliced" },

  { "type": "material", "ident": "shadow_bacon_material", "name": "Shadow Bacon", "density": 2, "bash_resist": 25, "cut_resist": 20, "acid_resist": 6, "elec_resist": 4,       "fire_resist": 50, "chip_resist": 5, "dmg_adj": [ "nibbled", "bitten", "nommed", "swallowed"], "bash_dmg_verb": "whacked", "cut_dmg_verb": "nibbled" },

  { "type": "material", "ident": "essence_elemental_material", "name": "Essence of Elementals", "density": 2, "bash_resist": 0, "cut_resist": 0, "acid_resist": 50, "elec_resist": 50,       "fire_resist": 50, "chip_resist": 50, "dmg_adj": [ "dented", "bent", "walloped", "rekt"], "bash_dmg_verb": "dented", "cut_dmg_verb": "sliced" }
]