[
  { "type": "material", "ident": "essence_bash", "name": "Essence of Bashing",    "density": 2,    "bash_resist": 5, "cut_resist": 0, "acid_resist": 0, "elec_resist": 0,       "fire_resist": 0, "chip_resist": 2, "dmg_adj": [ "dented", "bent", "walloped", "rekt"],       "bash_dmg_verb": "dented", "cut_dmg_verb": "scratched" },

  { "type": "material", "ident": "essence_bacon", "name": "Essence of Bacon", 
   "density": 2, "edible": true,"burn_data": [ { "fuel": -100 } ], "bash_resist": 1, "cut_resist": 1, "acid_resist": 0, "elec_resist": 0,    "fire_resist": 25,     "chip_resist": 5, "dmg_adj": [ "nibbled", "bitten", "nommed",    "swallowed"], "bash_dmg_verb": "nibbled", "cut_dmg_verb": "sliced" },

  { "type": "material", "ident": "essence_cut", "name": "Essence of Cutting",       "density": 2,    "bash_resist": 0, "cut_resist": 5, "acid_resist": 0, "elec_resist": 0,       "fire_resist": 0, "chip_resist": 2, "dmg_adj": [ "dented", "bent", "walloped", "rekt"],       "bash_dmg_verb": "dented", "cut_dmg_verb": "scratched" },

  { "type": "material", "ident": "essence_noob", "name": "Essence of Noob",         "density": 2,    "bash_resist": 1, "cut_resist": 1, "acid_resist": 0, "elec_resist": 0,     "fire_resist": 0, "chip_resist": 0, "dmg_adj": [ "ow", "owie", "very owie", "most ow"],       "bash_dmg_verb": "ow", "cut_dmg_verb": "ow" },

  { "type": "material", "ident": "scale_plutonium", "name": "plutonium scales",         "density": 2, "bash_resist": 25, "cut_resist": 25, "acid_resist": 10, "elec_resist": 10, "fire_resist": 15, "chip_resist": 45, "dmg_adj": [ "dented", "bent", "walloped", "rekt"], "bash_dmg_verb": "thwacked", "cut_dmg_verb": "sliced", "repaired_with": "scale_plutonium", "salvaged_into": "scale_plutonium"  },

  { "type": "material", "ident": "shadow_bacon", "name": "Shadow Bacon", "density": 2, "edible": true, "bash_resist": 10, "cut_resist": 10, "acid_resist": 6, "elec_resist": 4, "burn_data": [ { "fuel": -100 } ], "fire_resist": 50, "chip_resist": 10, "dmg_adj": [ "nibbled", "bitten", "nommed", "swallowed"], "bash_dmg_verb": "whacked", "cut_dmg_verb": "nibbled" },

  { "type": "material", "ident": "essence_elemental", "name": "Essence of Elementals", "density": 2, "bash_resist": 0, "cut_resist": 0, "acid_resist": 50, "elec_resist": 50,       "fire_resist": 50, "chip_resist": 2, "dmg_adj": [ "dented", "bent", "walloped", "rekt"], "bash_dmg_verb": "dented", "cut_dmg_verb": "sliced" },

  { "type": "material", "ident": "tough_leather", "name": "Tough Leather", "density": 8, "bash_resist": 5, "cut_resist": 5, "acid_resist": 7, "elec_resist":4,       "fire_resist": 4, "chip_resist": 8, "dmg_adj": [ "scratched", "cut", "shredded", "tattered"], "bash_dmg_verb": "ripped", "cut_dmg_verb": "sliced", "repaired_with": "tough_leather", "salvaged_into": "tough_leather" }
]