[
 
  {
 "id": "legendary_bacon_undie",
    "type": "ARMOR",
    "name": "Legendary Bacon Undies",
    "description": "This is the fabled bacon undies of legend! You shall be IMMORTAL! Well, at least to fire anyway. And have strangely deep pockets too!",
    "weight": 454,
    "volume": 4,
    "price": 1500,
    "material": [ "essence_bacon" ],
    "symbol": "[",
    "color": "red",
    "covers": [ "LEGS" ],
    "coverage": 95,
 "encumbrance": 40,
    "warmth": 65,
    "material_thickness": 5, "environmental_protection": 25,
 "storage": 4000,   "flags": [ "SKINTIGHT", "NONCONDUCTIVE", "POCKETS" ] },

  { "id": "afro", "type": "ARMOR", "name": "Afro of Encumbrance", "description": "Technically this is really just a wig. A very large wig at that. So much that you can't wear anything else! On the bright side, it's so thick it's like armor! Well, kinda.", "weight": 454, "volume": 100, "price": 2500, "material": ["essence_bash"], "symbol":"n", "color": "black", "covers": ["HEAD"], "coverage": 100, "encumbrance": 100, "warmth": 30, "material_thickness": 5, "flags": [ "NONCONDUCTIVE", "FANCY" ] },

  { "id": "immortal_loincloth", "type": "ARMOR", "name": "Immortal Loincloth", "description": "No more will you need to worry about zombie hulks kicking you in the groin! You won't feel a thing with this small item of clothing. Although it protects literally nothing else.", "weight": 454, "volume": 1, "price": 250, "material": ["cotton"], "symbol": "-", "color": "brown", "covers": [ "LEGS" ], "coverage": 5, "material_thickness": 999, "flags": [ "VARSIZE" ] },

  { "id": "plutonium_legging", "type": "ARMOR", "name": "plutonium leggings", "description": "This snazzy leg armor will protect you from much of the dangers of the cataclysm! But not radiation, this probably actually emits some. But eh.", "weight": 500, "volume": 3, "price": 100000000, "material": ["scale_plutonium"], "symbol": "n", "color": "light_red", "covers": [ "LEGS" ], "coverage": 100, "material_thickness": 5, "flags": [ "OUTER", "FANCY", "STURDY", "POCKETS" ], "environmental_protection": 30,  "encumbrance": 8, "warmth": 6 },

  { "id": "plutonium_chestplate", "type": "ARMOR", "name": "plutonium chestplate", "description": "It probably isn't very healthy to wear plutonium all day... But it looks awesome! So who cares!?", "weight": 700, "volume": 10, "price": 100000000, "material": ["scale_plutonium"], "symbol": "I", "color": "light_red", "covers": [ "TORSO"], "coverage": 100, "material_thickness": 8, "flags": [ "OUTER", "FANCY", "STURDY" ], "environmental_protection": 30,  "encumbrance": 12, "warmth": 8 },


  { "id": "plutonium_gauntlet", "type": "ARMOR", "name": "plutonium gauntlets", "description": "Your arms shall be IMMORTAL! Okay, not really, but it is still some serious protection! Unless you include the radiation it emits, I guess.", "weight": 630, "volume": 3, "price": 100000000, "material": ["scale_plutonium"], "symbol": "-", "color": "light_red", "covers": [ "HANDS", "ARMS" ], "coverage": 100, "material_thickness": 5, "flags": [ "OUTER", "FANCY", "STURDY", "BLOCK_WHILE_WORN" ], "environmental_protection": 30,  "encumbrance": 9, "warmth": 5 },


  { "id": "plutonium_helmet", "type": "ARMOR", "name": "plutonium helmet", "description": "You look like a freakin' dragon with this awesome looking helmet! And it even includes the radiation from them too!", "weight": 700, "volume": 2, "price": 100000000, "material": ["scale_plutonium"], "symbol": "O", "color": "light_red", "covers": [ "HEAD", "MOUTH", "EYES" ], "coverage": 100, "material_thickness": 6, "flags": [ "FANCY", "STURDY" ], "environmental_protection": 30,  "encumbrance": 15, "warmth": 10 },


  { "id": "plutonium_socks", "type": "ARMOR", "name": "plutonium socks", "description": "For some reason you decided it was better to wear socks instead of armored boots. Odd choice, but they still look cool! And still have radiation!", "weight": 700, "volume": 1, "price": 100000000, "material": ["scale_plutonium"], "symbol": "I", "color": "light_red", "covers": [ "FEET" ], "coverage": 100, "material_thickness": 2, "flags": [ "FANCY", "STURDY", "SKINTIGHT" ], "environmental_protection": 30,  "encumbrance": 10, "warmth": 8 },

  { "id": "elemental_vambraces", "type": "ARMOR", "name": "elemental vambraces", "description": "Tuned with the elements, and padded with thick leather and some bacon, these vambraces protect the wearer from the fires of Hel, Zuess's wrath, and zombies!", "weight": 454, "volume": 1, "price": 10000, "material": [ "essence_elemental", "leather"], "symbol": "V", "color": "green", "covers": [ "ARMS" ], "coverage": 95, "material_thickness": 10, "flags": [ "OUTER", "NONCONDUCTIVE" ], "environmental_protection": 50,  "encumbrance": 8, "warmth": 10 },

  { "id": "fake_mustache", "type": "ARMOR", "name": "fake mustache", "description": "This ineffective attempt at making a disguise really just looks like a fat, bushy catapillar stuck on your face.", "weight": 55, "volume": 1, "price": 100, "flags": [ "OUTER" ], "material": [ "essence_noob" ], "symbol": "m", "color": "brown", "covers": [ "MOUTH" ], "coverage": 30,  "encumbrance": 3, "warmth": 20 },

  {
 "id": "bacon_bag",
    "type": "ARMOR",
    "name": "bacon bag",
    "description": "This backpack that's made of bacon can store plenty of gear!",
    "weight": 454,
    "volume": 5,
    "price": 1500,
    "material": [ "essence_bacon" ],
    "symbol": "[",
    "color": "red",
    "covers": [ "TORSO" ],
    "coverage": 80,
 "encumbrance": 15,
    "warmth": 5,
    "material_thickness": 2, "environmental_protection": 10,
 "storage": 200,   "flags": [ "STRAPPED", "NONCONDUCTIVE"] },

  {
 "id": "bacon_cloak",
    "type": "ARMOR",
    "name": "bacon cloak",
    "description": "This strangely ominous, nearly full body cloak made (mostly) of bacon is usually only worn by bacon cultists. But it fits you too.",
    "weight": 454,
    "volume": 5,
    "price": 1500,
    "material": [ "essence_bacon", "tough_leather" ],
    "symbol": "H",
    "color": "red",
    "covers": [ "TORSO", "LEGS", "ARMS", "HANDS", "FEET" ],
    "coverage": 100,
 "encumbrance": 13,
    "warmth": 10,
    "material_thickness": 4, "environmental_protection": 15, "flags": [ "OUTER", "NONCONDUCTIVE"] }
]