[
 
  {
 "id": "legendary_bacon_undie",
    "type": "ARMOR",
    "name": "Legendary Bacon Undies",
    "description": "This is the fabled bacon undies of legend! You shall be IMMORTAL! Well, at least to fire anyway. And have strangely deep pockets too!",
    "weight": 454,
    "volume": 4,
    "price": 1500,
    "material": [ "essence_bacon_material" ],
    "symbol": "[",
    "color": "red",
    "covers": [ "LEGS" ],
    "coverage": 100,
 "encumbrance": 40,
    "warmth": 65,
    "material_thickness": 5, "environmental_protection": 25,
 "storage": 4000,   "flags": [ "SKINTIGHT", "NONCONDUCTIVE", "POCKETS" ] },

  { "id": "afro", "type": "ARMOR", "name": "Afro of Encumbrance", "description": "Technically this is really just a wig. A very large wig at that. So much that you can't wear anything else! On the bright side, it's so thick it's like armor! Well, kinda.", "weight": 454, "volume": 100, "price": 2500, "material": ["essence_bash_material"], "symbol":"n", "color": "grey", "covers": ["HEAD"], "coverage": 100, "encumbrance": 100, "warmth": 30, "material_thickness": 5, "flags": [ "NONCONDUCTIVE", "FANCY" ] },

  { "id": "immortal_loincloth", "type": "ARMOR", "name": "Immortal Loincloth", "description": "No more will you need to worry about zombie hulks kicking you in the groin! You won't feel a thing with this small item of clothing. Although it protects literally nothing else.", "weight": 454, "volume": 1, "price": 250, "material": ["cotton"], "symbol": "-", "color": "brown", "covers": [ "LEGS" ], "coverage": 5, "material_thickness": 999, "flags": [ "VARSIZE" ] },

  { "id": "plutonium_chestplate", "type": "ARMOR", "name": "plutonium chestplate", "description": "It probably isn't very healthy to wear plutonium all day... But it looks awesome! So who cares!?", "weight": 700, "volume": 1, "price": 100000, "material": ["scale_plutonium_material"], "symbol": "I", "color": "red", "covers": [ "TORSO" ], "coverage": 85, "material_thickness": 5, "flags": [ "OUTER", "FANCY" ], "environmental_protection": 30,  "encumbrance": 10, "warmth": 8 },

  { "id": "elemental_vambraces", "type": "ARMOR", "name": "elemental vambraces", "description": "Tuned with the elements, and padded with thick leather and some bacon, these vambraces protect the wearer from the fires of Hel, Zuess's wrath, and zombies!", "weight": 454, "volume": 1, "price": 10000, "material": [ "essence_elemental_material", "leather", "essence_bacon_material" ], "symbol": "V", "color": "brown", "covers": [ "ARMS" ], "coverage": 95, "material_thickness": 10, "flags": [ "OUTER", "NONCONDUCTIVE" ], "environmental_protection": 50,  "encumbrance": 8, "warmth": 10 }

]