[
  {
    "type": "GENERIC",
    "id": "stick_of_heroism",
    "name": "Stick of Heroism",
    "description": "Only to appear when the end of times come, this stick can only be held by a true hero of the cataclysm!",
    "weight": 454,
    "color": "brown",
    "symbol": "/",
    "material": [ "wood" ],
    "techniques": [ "BRUTAL" ],
    "flags": "NONCONDUCTIVE",
    "volume": 6,
    "bashing": 25,
    "price": 500,
    "to_hit": 5
  },

  {
   "type": "GENERIC",
   "id": "serrated_can",
   "name": "serrated can",
   "description": "You took a metal can and somehow serrated the sides of it. Be careful not to lose a finger when using it.",
   "weight": 454,
   "color": "grey",
   "symbol": "0",
   "material": [ "aluminum" ],
   "volume": 2,
   "cutting": 10,
   "price": 50,
   "to_hit": -2
  },
 {
    "type": "GENERIC",
    "id": "giant_axe",
    "name": "giant axe",
    "description": "Judging from the stupidly large weight and size, you can only assume this was either used by a Transformer or some sort of gigantic monstrosity.",
    "weight": 454000000,
    "color": "brown",
    "symbol": "P",
    "material": [ "wood", "hardsteel" ],
    "techniques": [ "BRUTAL" ],
    "volume": 1000000,
    "bashing": 250,
    "cutting": 1000,
    "price": 5000000,
    "to_hit": -100
  },

  {
   "type": "GENERIC", 
   "id": "plutonium_dagger", 
   "name": "plutonium dagger", 
   "description": "While small, this dagger can puncture through some serious armor!",       "weight": 250, 
   "color": "light_red", 
   "symbol": "/",
   "material": [ "scale_plutonium" ],
   "volume": 7,
   "bashing": 5,
   "cutting": 80,
   "price": 300000000,
   "to_hit": 1
  },

  {
   "type": "GENERIC", 
   "id": "plutonium_sword", 
   "name": "plutonium sword", 
   "description": "This legendary sword is made from the scales of the Lv. 20 Plutonium Dragon! To wield such a lethal weapon is more than an honor!",    
   "weight": 2000, 
   "color": "light_red", 
   "symbol": "|",
   "material": [ "scale_plutonium" ],
   "volume": 7,
   "bashing": 15,
   "cutting": 125,
   "price": 500000000,
   "to_hit": 2
  }
]