[
  {
   "type": "GUN", 
   "id": "hel_staff", 
   "name": "Hel staff", 
   "description": "This elemental staff uses the fires of Hel to defeat the foes of it's user!", 
   "weight": 100,
   "color": "red", 
   "symbol": "|",
   "material": [ "essence_elemental", "essence_bash" ],
   "volume": 6,
   "bashing": 10,
   "price": 500,
   "to_hit": 3,
   "ammo": "fire_charge",
   "ammo_effects": [ "FLAME" ],
   "flags": [ "NEVER_JAMS", "NONCONDUCTIVE" ],
   "skill": "rifle",
   "ranged_damage": 10,
   "reload": 100,
   "dispersion": 40,
   "durability": 10,
   "clip_size": 5
  }
]